item,zone,section,lo,hi,unit,source
consumer_price,2,single,829,829,usd_1992,"HIA 2006, Table 4-17 (56% pass-through)"
consumer_price,2,multi,1007,1007,usd_1992,"HIA 2006, Table 4-17 (56% pass-through)"
consumer_price,3,single,1177,1177,usd_1992,"HIA 2006, Table 4-17 (56% pass-through)"
consumer_price,3,multi,1512,1512,usd_1992,"HIA 2006, Table 4-17 (56% pass-through)"
damage_eliminated,2,all,0.75,0.75,share,"HIA 2006, sec. 4.2.2"
damage_eliminated,3,all,0.83,0.83,share,"HIA 2006, sec. 4.2.2"
private_benefit_pv,2,all,1516,1516,usd_1992,"HIA 2006, sec. 4.2.2 (7% discount, service life)"
private_benefit_pv,3,all,2022,2022,usd_1992,"HIA 2006, sec. 4.2.2 (7% discount, service life)"
public_benefit_pv,2,all,782,1063,usd_1992,"HIA 2006, sec. 4.2.2 (reduced FEMA spending)"
public_benefit_pv,3,all,1043,1418,usd_1992,"HIA 2006, sec. 4.2.2 (reduced FEMA spending)"
mortality_benefit_pv,2,all,39,39,usd_1992,"HIA 2006, sec. 4.2.2"
mortality_benefit_pv,3,all,43,43,usd_1992,"HIA 2006, sec. 4.2.2"
annual_benefit_total,all,all,83.8,83.8,usd_1992_millions,"HIA 2006, sec. 4.2.2"
annual_cost_total,all,all,51.7,51.7,usd_1992_millions,"HIA 2006, sec. 4.2.2"
production_cost,2,single,1492,1492,usd_1992,"HIA 2006, Table 4-16"
production_cost,2,multi,1813,1813,usd_1992,"HIA 2006, Table 4-16"
production_cost,3,single,2119,2119,usd_1992,"HIA 2006, Table 4-16"
production_cost,3,multi,2722,2722,usd_1992,"HIA 2006, Table 4-16"
private_benefit_pv,2,single,1516.25,1516.25,usd_1992,"HIA 2006, Table 4-13"
private_benefit_pv,2,multi,2062.13,2062.13,usd_1992,"HIA 2006, Table 4-13"
private_benefit_pv,3,single,2021.80,2021.80,usd_1992,"HIA 2006, Table 4-13"
private_benefit_pv,3,multi,2749.69,2749.69,usd_1992,"HIA 2006, Table 4-13"
public_benefit_pv,2,single,782.01,782.01,usd_1992,"HIA 2006, Table 4-15"
public_benefit_pv,2,multi,1063.54,1063.54,usd_1992,"HIA 2006, Table 4-15"
public_benefit_pv,3,single,1042.74,1042.74,usd_1992,"HIA 2006, Table 4-15"
public_benefit_pv,3,multi,1418.15,1418.15,usd_1992,"HIA 2006, Table 4-15"
